"Indira6","Sbb55Y7N2Ol","Indira Ramsey","Indira6@vehiculaetrutrum.com","2004-08-16"
"Marks","SyK73Y9N8Ay","Phoebe Beach","Phoebe.Beach@fringillaeuismod.edu","2005-09-25"
"4k3o2m1zhw","gdJ35P1J6Oz","Ira Frost","IraFrost@non.org","2003-11-09"
"Gwendolyn","kst32F3K7ip","Holly Bradley","Holly.Bradley1@eudoloregestas.ca","2003-06-21"
"fanion51","xhJ18W6P3Ab","Teegan Hall","Teegan.Hall@natoquepenatibuset.org","2004-03-02"
"Celeste3","wkz66U8E3Um","Celeste Dickson","Celeste3@pretium.com","2005-06-07"
"izsvb","htc03H1A4Et","Haviva Copeland","HavivaCopeland@sollicitudinadipiscingligula.edu","2006-09-14"
"Mayer","Ndr61I9S4Ew","Lars Wilkinson","Wilkinson.Lars@aodio.edu","2005-02-18"
"Howard","CvG65A2A1Ir","Maile Lott","Maile.Lott5@rutrumloremac.com","2007-11-30"
"ovularas4a","wuQ07P6O0Uq","Halla Gonzalez","HallaGonzalez@vulputateullamcorper.org","2006-08-23"
"Stella4","Btc66V3T1ut","Stella Short","Short.Stella@Utsagittis.ca","2003-01-09"
"Janna.David","yiE76Q1N0ec","Janna David","Janna.David8@semmollis.com","2007-02-03"
"Flores","rjG15Z5O6ib","Ivana Barrera","Ivana.Barrera@lobortismauris.org","2003-09-17"
"Mann","DmS58C5X0Ad","Jenette Sosa","Sosa.Jenette@Craseu.org","2003-05-17"
"frndlysk8er07q6","ZqK12P3A9ip","Germane Middleton","GermaneMiddleton@facilisiSed.com","2006-01-10"
"Nissim","htS37B9K9Od","Nissim Mathis","Mathis.Nissim@Vivamusnibhdolor.com","2003-03-09"
"Hedley8","Bkk74C7O6Am","Hedley Marquez","Hedley8@adipiscinglacus.edu","2003-11-28"
"quenquaf9","fce82R8F7Ik","Jonas Alexander","JonasAlexander@nuncrisusvarius.edu","2003-10-09"
"Rooney3","Xgi72E1S1Ey","Rooney Hensley","Rooney3@orciUt.edu","2006-05-02"
"Scott.Shields","gzN81L1X6ih","Scott Shields","Scott.Shields10@sodalesat.ca","2007-08-04"
"Morin","lzz70B4W8im","Cooper Bender","Bender.Cooper@nonlaciniaat.com","2004-04-09"
"Dillon.Richards","bjF58F9F5os","Dillon Richards","Dillon8@egetvenenatis.edu","2002-10-18"
"Hale","gxB34I7X0Ow","Hamilton Keller","Hamilton.Keller@eget.org","2005-10-20"
"Reed4","VgN66E2N2ob","Reed Phillips","Reed4@Aliquam.org","2004-02-20"
"pibak","NxE74N6N2az","Violet Gaines","VioletGaines@nuncrisus.com","2005-09-20"
"Carson.Stuart","JxL83Y7Q4Iz","Carson Stuart","Carson7@sedest.ca","2004-09-10"
"Katell.Webb","NhV54V0Q4ik","Katell Webb","Katell.Webb@accumsanconvallisante.edu","2002-02-24"
"Galloway","jkT48U3T3Id","Kamal Cooper","Kamal.Cooper@sodalespurus.ca","2002-08-06"
"Brennan","Yfs84B8B7uw","Rylee Hernandez","Hernandez.Rylee@odioEtiamligula.org","2004-03-03"
"calliparik2","yjC79Y5A5og","Thor Guzman","ThorGuzman@nunc.edu","2006-11-21"
"Isabella","ssE58M1K2ep","Isabella House","Isabella@egetodio.ca","2005-10-14"
"Oconnor","Zsx79B9L0oy","Ashely Oneal","Oneal.Ashely@NuncmaurisMorbi.org","2004-05-13"
"Hedwig5","rhh31H0Q4eg","Hedwig Coleman","Coleman.Hedwig@dui.com","2006-11-18"
"Aline7","ssT07X6I3ew","Aline Espinoza","Aline7@utnisi.org","2004-07-25"
"Quin6","kqx83D8G3Um","Quin Sexton","Sexton.Quin@placerat.org","2003-11-15"
"Chapman","Fly06R8T9Ux","Maggy Brennan","Maggy.Brennan@conubia.edu","2002-10-05"
"Sierra1","rpC01T7K5Am","Sierra Carter","Sierra1@inhendreritconsectetuer.com","2006-10-10"
"Ocean.Wyatt","Bmp09Y5N2ox","Ocean Wyatt","Ocean.Wyatt9@lobortisquama.edu","2003-11-05"
"Hedwig.Kennedy","cfy31M6T2ad","Hedwig Kennedy","Hedwig.Kennedy@et.edu","2002-07-06"
"litakuwaue","jxr21X8O1ez","Tamekah Rich","TamekahRich@purusmauris.com","2006-08-18"
"Callie4","FoK79N1W7En","Callie Newton","Callie4@sitamet.ca","2007-02-25"
"Martina4","wbI01L1P4ak","Martina Marks","Martina4@sempererat.com","2005-02-20"
"Claire4","FxT76M4O5Ih","Claire Phelps","Claire4@vulputateduinec.ca","2006-12-01"
"Bender","kzq47D6Z8Af","Cleo Meadows","Meadows.Cleo@sagittis.edu","2003-12-06"
"Lucy9","Srb59T6I7Us","Lucy Wilder","Lucy9@malesuada.com","2002-08-20"
"svetlanagj","hzE68V3K9ul","Arsenio Porter","Arsenio.Porter@sedlibero.com","2007-05-16"
"Mcintyre","skR98J9G7ot","Carson Mann","Carson.Mann@lectus.ca","2005-02-19"
"Rosalyn","VqD04M6B2em","Ori Jimenez","Ori.Jimenez1@Proin.org","2004-02-01"
"Colette.Hale","jya71G7O7Og","Colette Hale","Colette.Hale6@magna.org","2006-05-13"
"snowwhite5831i","JzT35S5X6Iw","Eleanor Oconnor","EleanorOconnor@Integeraliquamadipiscing.com","2004-10-19"
"lopticommc","hnG88W5S0Ag","Roary Holden","RoaryHolden@montes.org","2004-03-13"
"Watson","tth31Y7I2uf","Merrill Mcintyre","Merrill.Mcintyre@metusInlorem.com","2007-05-25"
"Coleman","ffz81X0W6es","Unity Solis","Solis.Unity@ipsum.edu","2005-08-06"
"silsinsoria2j","Zqa58A9C5el","Jacob Key","JacobKey@Maurisblandit.com","2007-11-21"
"kalgarijux5","gcD22H3D4Ed","Kyra Gomez","KyraGomez@Fusce.org","2006-01-12"
"Cameran2","plX53A6A0oy","Cameran Underwood","Cameran2@odio.edu","2005-08-09"
"Chloe7","sri62P3I3al","Chloe Warren","Warren.Chloe@purus.edu","2004-10-10"
"dolcian0x","grg27V6M7Oc","Axel Drake","AxelDrake@magnaPraesentinterdum.org","2003-08-12"
"Brian.Galloway","hhx05F9X6Er","Brian Galloway","Brian6@accumsaninterdum.ca","2006-05-22"
"Cadman.Giles","cnV86S3W3ux","Cadman Giles","Cadman1@tincidunt.org","2006-03-08"
"Declan5","Vcv75E6L7Id","Declan Preston","Declan5@sedturpisnec.ca","2007-09-12"
"mozgovafl","whn13J7M7oc","Knox Cohen","Knox.Cohen@volutpatornarefacilisis.ca","2004-02-08"
"Derek3","krs78J0C6ey","Derek Vincent","Derek3@ipsum.com","2003-04-17"
"August10","jwQ29I9F4az","August Watson","August10@ipsumSuspendissesagittis.org","2006-12-21"
"Poole","cuu96Q0M9ug","Kirby Whitley","Whitley.Kirby@vellectusCum.org","2005-11-04"
"treseluu","HnG71G5C4im","Yuli Lowe","Yuli.Lowe@morbitristiquesenectus.com","2004-05-30"
"simoletto50","qsf74D0P2if","Kenneth Cohen","KennethCohen@imperdiet.edu","2007-06-25"
"Roth.Poole","mbN20V8Z1en","Roth Poole","Roth.Poole3@Suspendissetristique.org","2002-10-18"
"Holden","CzN97U4W0aj","Morgan Brooks","Morgan.Brooks@vitaepurusgravida.ca","2007-06-19"
"oslanjateox","HnM72L3X4un","Rajah Waller","RajahWaller@ipsum.org","2003-01-23"
"solobuscamev3","gbH75Q2I6As","Hanna Landry","HannaLandry@quis.org","2003-02-19"
"Flavia.Potts","JrI12J3N3Ov","Flavia Potts","Flavia.Potts4@Phasellusvitae.ca","2007-05-19"
"Wyatt","Wch94H7L1eh","Wyatt Salinas","Salinas.Wyatt@posuerecubilia.ca","2002-07-11"
"Madison.Flores","nvm48O9D3ud","Madison Flores","Madison7@Donecsollicitudin.org","2006-07-29"
"Adams","HcF86D2Z1Eb","Raphael Weeks","Weeks.Raphael@sed.org","2006-07-21"
"Bernard.Peters","kli81P8B6Ex","Bernard Peters","Bernard.Peters3@Namnulla.org","2006-02-23"
"Athena10","DcB75W8A6ix","Athena Goodman","Athena10@facilisislorem.org","2007-06-07"
"Chanda.Brown","Mij68C1D4aj","Chanda Brown","Chanda.Brown3@etmalesuada.com","2002-02-16"
"vitaleno4","BlO82U9F0os","Valentine Mullins","ValentineMullins@ullamcorper.org","2005-04-02"
"acordoru6","jov11B6H5Iz","Catherine Adams","CatherineAdams@ac.org","2004-11-28"
"Candice1","DeB95W0F2er","Candice Logan","Candice1@semper.ca","2007-03-06"
"Teagan.Wiley","PuG48M7I4Ur","Teagan Wiley","Teagan10@mattis.edu","2003-12-23"
"chefappapleaj","bve24A5J5ox","Zena Marshall","Zena.Marshall@mollis.org","2002-01-23"
"crashtest17tf","NnL64S5Y8Ot","Mary Mills","Mary.Mills@Aliquam.edu","2006-08-04"
"chinleongck","Lqn25U7Z0Ux","Geoffrey Nixon","GeoffreyNixon@euligula.ca","2004-03-21"
"Sophia.Flowers","xoQ29N2H1at","Sophia Flowers","Sophia10@nequevenenatislacus.com","2002-03-28"
"shaihkritzercl","RtC94L8U1Ub","Madison Suarez","Madison.Suarez@eunullaat.ca","2002-11-11"
"sazmanng3","naC33P2V7Ej","Raven Camacho","RavenCamacho@iaculisneceleifend.com","2003-10-16"
"Cheryl","djf13U6K6Os","Cheryl Sexton","Cheryl@Vivamusrhoncus.edu","2004-04-04"
"Isabella.Wiggins","smi00X8R1ir","Isabella Wiggins","Isabella.Wiggins2@tempusloremfringilla.org","2005-11-30"
"Beach","xpg93A5Y4Ec","Ursula Chapman","Chapman.Ursula@ac.org","2007-09-27"
"Webb","phx45C4Z1Im","Kylynn Mason","Kylynn.Mason@egestas.edu","2004-02-21"
"Brown","ykA53X1G1Of","Amaya Aguirre","Aguirre.Amaya@disparturientmontes.ca","2006-02-27"
"lirizam9o","xok72H0F6ap","Mariam Singleton","Mariam.Singleton@accumsanneque.edu","2002-01-07"
"zaskomlijnp","zeY25F8D0Ed","Kennan Brown","KennanBrown@placerat.ca","2007-03-13"
"Idona1","szP45U3U5Ib","Idona Spence","Idona1@acmi.com","2007-02-10"
"missy7280iy","Pky41J1T8er","Moana Lyons","MoanaLyons@tempor.ca","2002-12-04"
"Flowers","vpL52O0Z2ul","Mollie Mayer","Mayer.Mollie@tinciduntorciquis.ca","2003-03-22"
"Vivian.Morin","xbp97Q3Z8Uc","Vivian Morin","Vivian8@ultricesaauctor.edu","2004-09-13"
"Peters","Rge26J6T2Ey","Garrison Stark","Garrison.Stark@sit.org","2007-08-05"
